model_id,repo,revision,license,artifact,quantization,artifact_size_bytes,installed_size_bytes,dimensions,context_length,runtime,loader,pooling,normalization,query_prefix,document_prefix,load_time_ms,indexing_chunks_per_sec,index_batch_size,query_latency_p50_ms,query_latency_p95_ms,memory_peak_rss_mb,R_at_1,R_at_5,R_at_10,MRR,nDCG_at_10,candidate_recall_at_50,code_R_at_10,cross_project_R_at_10,reranked_R_at_10,reranker_gain_R_at_10,rerank_unrecoverable_rate,rerank_queries_sampled,rerank_pool,rerank_failures,crossfile_any_at_10,crossfile_all_at_10,crossfile_file_recall_at_10,index_backend,index_rows,sanity_status,failures,delta_r10_vs_minilm,delta_r10_ci95_low,delta_r10_ci95_high,delta_r10_significant
arctic-l,Snowflake/snowflake-arctic-embed-l,d8fb21ca8d905d2832ee8b96c894d3298964346b,apache-2.0,onnx/model_quantized.onnx,q8,336984086,337698515,1024,512,transformers.js 3.8.1 / onnxruntime-node (worker_threads),"transformers.js pipeline(""feature-extraction"")",cls,"l2 (normalize:true), measured 1.000",Represent this sentence for searching relevant passages: ,,707,2.51,4,56,76,422.4,0.0915,0.2465,0.3459,0.1593,0.1894,0.6421,0.404,,0.3833,0.0833,0.5,60,30,0,0.5,0.1622,0.3164,sqlite-vec vec0 distance_metric=cosine,872,PASS,,0.1332,0.0915,0.175,true
e5-large-v2,Xenova/e5-large-v2,840fd2207f68e253697ed85392a482ff7657ad11,mit,onnx/model_quantized.onnx,q8,336983104,337695538,1024,512,transformers.js 3.8.1 / onnxruntime-node (worker_threads),"transformers.js pipeline(""feature-extraction"")",mean,"l2 (normalize:true), measured 1.000",query: ,passage: ,638,2.48,4,40,54,459.9,0.0994,0.2306,0.338,0.1579,0.1858,0.6501,0.4305,,0.4333,0.1833,0.4667,60,30,0,0.5946,0.1486,0.3547,sqlite-vec vec0 distance_metric=cosine,872,PASS,,0.1252,0.0855,0.167,true
multilingual-e5-small,Xenova/multilingual-e5-small,761b726dd34fb83930e26aab4e9ac3899aa1fa78,mit,onnx/model_quantized.onnx,q8,118308185,135392183,384,512,transformers.js 3.8.1 / onnxruntime-node (worker_threads),"transformers.js pipeline(""feature-extraction"")",mean,"l2 (normalize:true), measured 1.000",query: ,passage: ,,9.41,16,8,10,260.9,0.0895,0.2286,0.334,0.1533,0.1719,0.6223,0.3642,,0.3667,0,0.45,60,30,0,0.4865,0.1486,0.3007,sqlite-vec vec0 distance_metric=cosine,872,,,0.1213,0.0815,0.161,true
e5-small-v2,Xenova/e5-small-v2,02af79985278377e65c724a76275707cb0333c70,mit,onnx/model_quantized.onnx,q8,34014367,34726852,384,512,transformers.js 3.8.1 / onnxruntime-node (worker_threads),"transformers.js pipeline(""feature-extraction"")",mean,"l2 (normalize:true), measured 1.000",query: ,passage: ,,10.6,16,6,8,179.5,0.0875,0.2127,0.3201,0.1451,0.169,0.6123,0.3113,,0.4167,0.1334,0.5167,60,30,0,0.5676,0.1622,0.3491,sqlite-vec vec0 distance_metric=cosine,872,,,0.1074,0.0696,0.1451,true
multilingual-e5-base,Xenova/multilingual-e5-base,1ec9243030a27d1a115d5c340572074c125b58b2,mit,onnx/model_quantized.onnx,q8,278647662,295731706,768,514,transformers.js 3.8.1 / onnxruntime-node (worker_threads),"transformers.js pipeline(""feature-extraction"")",mean,"l2 (normalize:true), measured 1.000",query: ,passage: ,744,4.76,16,14,19,423.6,0.0775,0.2346,0.3201,0.1472,0.166,0.6441,0.3907,,0.4333,0.05,0.45,60,30,0,0.6216,0.1892,0.384,sqlite-vec vec0 distance_metric=cosine,872,PASS,,0.1074,0.0676,0.1471,true
bge-large-en,Xenova/bge-large-en-v1.5,dfeef6070b90658e1b391a6940efdb0925c1de6f,mit,onnx/model_quantized.onnx,q8,336983162,337695768,1024,512,transformers.js 3.8.1 / onnxruntime-node (worker_threads),"transformers.js pipeline(""feature-extraction"")",cls,"l2 (normalize:true), measured 1.000",Represent this sentence for searching relevant passages: ,,523,2.45,4,57,79,438,0.0915,0.2147,0.3042,0.1438,0.1636,0.6183,0.3179,,0.35,0.1,0.6,60,30,0,0.6351,0.2027,0.402,sqlite-vec vec0 distance_metric=cosine,872,PASS,,0.0915,0.0497,0.1312,true
bge-small-en,Xenova/bge-small-en-v1.5,ea104dacec62c0de699686887e3f920caeb4f3e3,mit,onnx/model_quantized.onnx,q8,34014426,34726996,384,512,transformers.js 3.8.1 / onnxruntime-node (worker_threads),"transformers.js pipeline(""feature-extraction"")",cls,"l2 (normalize:true), measured 1.000",Represent this sentence for searching relevant passages: ,,,11.27,16,7,9,178.1,0.0835,0.1909,0.3022,0.1352,0.1555,0.5765,0.3113,,0.3333,0.0833,0.6333,60,30,0,0.6757,0.1757,0.3953,sqlite-vec vec0 distance_metric=cosine,872,,,0.0895,0.0537,0.1272,true
arctic-m,Snowflake/snowflake-arctic-embed-m,fc74610d18462d218e312aa986ec5c8a75a98152,apache-2.0,onnx/model_quantized.onnx,q8,110084023,110798486,768,512,transformers.js 3.8.1 / onnxruntime-node (worker_threads),"transformers.js pipeline(""feature-extraction"")",cls,"l2 (normalize:true), measured 1.000",Represent this sentence for searching relevant passages: ,,,5.02,16,20,24,242.4,0.0716,0.1928,0.2883,0.1283,0.1478,0.5646,0.2583,,0.3,0.0167,0.5833,60,30,0,0.5135,0.1622,0.33,sqlite-vec vec0 distance_metric=cosine,872,,,0.0755,0.0398,0.1133,true
nomic-v1.5,nomic-ai/nomic-embed-text-v1.5,e9b6763023c676ca8431644204f50c2b100d9aab,apache-2.0,onnx/model_quantized.onnx,q8,137296292,138012112,768,2048,transformers.js 3.8.1 / onnxruntime-node (worker_threads),"transformers.js pipeline(""feature-extraction"")",mean,"l2 (normalize:true), measured 1.000",search_query: ,search_document: ,,3.33,4,23,30,286.3,0.0934,0.2028,0.2763,0.1405,0.1552,0.5487,0.298,,0.3,0.1,0.6167,60,30,0,0.5135,0.1216,0.3029,sqlite-vec vec0 distance_metric=cosine,872,,,0.0636,0.0239,0.1014,true
arctic-s,Snowflake/snowflake-arctic-embed-s,e596f507467533e48a2e17c007f0e1dacc837b33,apache-2.0,onnx/model_quantized.onnx,q8,34015111,34729591,384,512,transformers.js 3.8.1 / onnxruntime-node (worker_threads),"transformers.js pipeline(""feature-extraction"")",cls,"l2 (normalize:true), measured 1.000",Represent this sentence for searching relevant passages: ,,,12.95,16,6,8,189.7,0.0656,0.1869,0.2565,0.1115,0.1321,0.4811,0.2318,,0.3333,0.1333,0.6,60,30,0,0.5,0.0946,0.277,sqlite-vec vec0 distance_metric=cosine,872,,,0.0437,0.0099,0.0775,true
gte-small,Xenova/gte-small,5927d1727bb12db490052a1b33265ad78058de08,mit,onnx/model_quantized.onnx,q8,34014426,34727370,384,512,transformers.js 3.8.1 / onnxruntime-node (worker_threads),"transformers.js pipeline(""feature-extraction"")",mean,"l2 (normalize:true), measured 1.000",,,,11.32,16,5,6,203.6,0.0775,0.159,0.2366,0.1147,0.1281,0.4453,0.2252,,0.2667,0.1,0.6667,60,30,0,0.5,0.0676,0.2669,sqlite-vec vec0 distance_metric=cosine,872,,,0.0239,-0.0099,0.0577,false
minilm-baseline,Xenova/all-MiniLM-L6-v2,bundled,apache-2.0,onnx/model_quantized.onnx,q8,22972370,23685047,384,512,transformers.js 3.8.1 / onnxruntime-node (worker_threads),"transformers.js pipeline(""feature-extraction"")",mean,"l2 (normalize:true), measured 1.000",,,,24.62,16,3,4,191.8,0.0616,0.1551,0.2127,0.1012,0.1166,0.5209,0.1589,,0.3667,0.1334,0.5333,60,30,0,0.4054,0.0541,0.2128,sqlite-vec vec0 distance_metric=cosine,872,,,,,,
arctic-xs,Snowflake/snowflake-arctic-embed-xs,d8c86521100d3556476a063fc2342036d45c106f,apache-2.0,onnx/model_quantized.onnx,q8,22972992,23687506,384,512,transformers.js 3.8.1 / onnxruntime-node (worker_threads),"transformers.js pipeline(""feature-extraction"")",cls,"l2 (normalize:true), measured 1.000",Represent this sentence for searching relevant passages: ,,,27.73,16,3,4,189.4,0.0577,0.1412,0.1988,0.0936,0.1071,0.4314,0.1589,,0.15,0,0.8,60,30,0,0.4324,0.0811,0.2545,sqlite-vec vec0 distance_metric=cosine,872,,,-0.0139,-0.0457,0.0179,false
